Workbook

Sheet Raw Data
A2: Rk | B2: Squad | C2: Attendance | D2: Home | Q2: Away
B3: ▲ | D3: MP | E3: W | F3: D | G3: L | H3: GF | I3: GA | J3: GD | K3: Pts | L3: Pts/MP | M3: xG | N3: xGA | O3: xGD | P3: xGD/90 | Q3: MP | R3: W | S3: D | T3: L | U3: GF | V3: GA | W3: GD | X3: Pts | Y3: Pts/MP | Z3: xG | AA3: xGA | AB3: xGD | AC3: xGD/90
A4: 5 | B4: Arsenal | C4: 59899 | D4: 19 | E4: 14 | F4: 3 | G4: 2 | H4: 42 | I4: 16 | J4: 26 | K4: 45 | L4: 2.37 | M4: 34.6 | N4: 23.5 | O4: 11 | P4: 0.58 | Q4: 19 | R4: 7 | S4: 4 | T4: 8 | U4: 31 | V4: 35 | W4: -4 | X4: 25 | Y4: 1.32 | Z4: 25.5 | AA4: 30.7 | AB4: -5.2 | AC4: -0.27
A5: 14 | B5: Bournemouth | C5: 10532 | D5: 19 | E5: 8 | F5: 5 | G5: 6 | H5: 30 | I5: 25 | J5: 5 | K5: 29 | L5: 1.53 | M5: 27.7 | N5: 25.2 | O5: 2.5 | P5: 0.13 | Q5: 19 | R5: 5 | S5: 1 | T5: 13 | U5: 26 | V5: 45 | W5: -19 | X5: 16 | Y5: 0.84 | Z5: 25.6 | AA5: 32 | AB5: -6.4 | AC5: -0.34
A6: 17 | B6: Brighton | C6: 30426 | D6: 19 | E6: 6 | F6: 5 | G6: 8 | H6: 19 | I6: 28 | J6: -9 | K6: 23 | L6: 1.21 | M6: 19.9 | N6: 24 | O6: -4.1 | P6: -0.22 | Q6: 19 | R6: 3 | S6: 4 | T6: 12 | U6: 16 | V6: 32 | W6: -16 | X6: 13 | Y6: 0.68 | Z6: 15.4 | AA6: 35.1 | AB6: -19.7 | AC6: -1.04
A7: 15 | B7: Burnley | C7: 20534 | D7: 19 | E7: 7 | F7: 2 | G7: 10 | H7: 24 | I7: 32 | J7: -8 | K7: 23 | L7: 1.21 | M7: 25.6 | N7: 26.3 | O7: -0.8 | P7: -0.04 | Q7: 19 | R7: 4 | S7: 5 | T7: 10 | U7: 21 | V7: 36 | W7: -15 | X7: 17 | Y7: 0.89 | Z7: 18.8 | AA7: 35.7 | AB7: -16.9 | AC7: -0.89
A8: 18 | B8: Cardiff City | C8: 31408 | D8: 19 | E8: 6 | F8: 2 | G8: 11 | H8: 21 | I8: 38 | J8: -17 | K8: 20 | L8: 1.05 | M8: 24.6 | N8: 25.5 | O8: -1 | P8: -0.05 | Q8: 19 | R8: 4 | S8: 2 | T8: 13 | U8: 13 | V8: 31 | W8: -18 | X8: 14 | Y8: 0.74 | Z8: 17.8 | AA8: 35.9 | AB8: -18.2 | AC8: -0.96
A9: 3 | B9: Chelsea | C9: 40437 | D9: 19 | E9: 12 | F9: 6 | G9: 1 | H9: 39 | I9: 12 | J9: 27 | K9: 42 | L9: 2.21 | M9: 31 | N9: 14.4 | O9: 16.6 | P9: 0.87 | Q9: 19 | R9: 9 | S9: 3 | T9: 7 | U9: 24 | V9: 27 | W9: -3 | X9: 30 | Y9: 1.58 | Z9: 27.6 | AA9: 22 | AB9: 5.6 | AC9: 0.29
A10: 12 | B10: Crystal Palace | C10: 25455 | D10: 19 | E10: 5 | F10: 5 | G10: 9 | H10: 19 | I10: 23 | J10: -4 | K10: 20 | L10: 1.05 | M10: 28.1 | N10: 23.5 | O10: 4.7 | P10: 0.25 | Q10: 19 | R10: 9 | S10: 2 | T10: 8 | U10: 32 | V10: 30 | W10: 2 | X10: 29 | Y10: 1.53 | Z10: 19.5 | AA10: 26.6 | AB10: -7.2 | AC10: -0.38
A11: 8 | B11: Everton | C11: 39043 | D11: 19 | E11: 10 | F11: 4 | G11: 5 | H11: 30 | I11: 21 | J11: 9 | K11: 34 | L11: 1.79 | M11: 28 | N11: 21.7 | O11: 6.2 | P11: 0.33 | Q11: 19 | R11: 5 | S11: 5 | T11: 9 | U11: 24 | V11: 25 | W11: -1 | X11: 20 | Y11: 1.05 | Z11: 21.7 | AA11: 24 | AB11: -2.3 | AC11: -0.12
A12: 19 | B12: Fulham | C12: 24371 | D12: 19 | E12: 6 | F12: 3 | G12: 10 | H12: 22 | I12: 36 | J12: -14 | K12: 21 | L12: 1.11 | M12: 24 | N12: 27.8 | O12: -3.7 | P12: -0.2 | Q12: 19 | R12: 1 | S12: 2 | T12: 16 | U12: 12 | V12: 45 | W12: -33 | X12: 5 | Y12: 0.26 | Z12: 17.3 | AA12: 40.4 | AB12: -23.1 | AC12: -1.22
A13: 20 | B13: Huddersfield | C13: 23203 | D13: 19 | E13: 2 | F13: 3 | G13: 14 | H13: 10 | I13: 31 | J13: -21 | K13: 9 | L13: 0.47 | M13: 16.2 | N13: 28 | O13: -11.8 | P13: -0.62 | Q13: 19 | R13: 1 | S13: 4 | T13: 14 | U13: 12 | V13: 45 | W13: -33 | X13: 7 | Y13: 0.37 | Z13: 12.6 | AA13: 32.9 | AB13: -20.3 | AC13: -1.07
A14: 9 | B14: Leicester City | C14: 31851 | D14: 19 | E14: 8 | F14: 3 | G14: 8 | H14: 24 | I14: 20 | J14: 4 | K14: 27 | L14: 1.42 | M14: 26.3 | N14: 19.9 | O14: 6.5 | P14: 0.34 | Q14: 19 | R14: 7 | S14: 4 | T14: 8 | U14: 27 | V14: 28 | W14: -1 | X14: 25 | Y14: 1.32 | Z14: 26.1 | AA14: 23.8 | AB14: 2.3 | AC14: 0.12
A15: 2 | B15: Liverpool | C15: 52983 | D15: 19 | E15: 17 | F15: 2 | G15: 0 | H15: 55 | I15: 10 | J15: 45 | K15: 53 | L15: 2.79 | M15: 42.2 | N15: 13.2 | O15: 28.9 | P15: 1.52 | Q15: 19 | R15: 13 | S15: 5 | T15: 1 | U15: 34 | V15: 12 | W15: 22 | X15: 44 | Y15: 2.32 | Z15: 31.6 | AA15: 15.6 | AB15: 16 | AC15: 0.84
... A23: 7 | B23: Wolves | C23: 31030 | D23: 19 | E23: 10 | F23: 4 | G23: 5 | H23: 28 | I23: 21 | J23: 7 | K23: 34 | L23: 1.79 | M23: 31.3 | N23: 18.9 | O23: 12.4 | P23: 0.65 | Q23: 19 | R23: 6 | S23: 5 | T23: 8 | U23: 19 | V23: 25 | W23: -6 | X23: 23 | Y23: 1.21 | Z23: 20.9 | AA23: 23.2 | AB23: -2.3 | AC23: -0.12
A25: Rk | B25: Squad | C25: Attendance | D25: Home | Q25: Away
B26: ▲ | D26: MP | E26: W | F26: D | G26: L | H26: GF | I26: GA | J26: GD | K26: Pts | L26: Pts/MP | M26: xG | N26: xGA | O26: xGD | P26: xGD/90 | Q26: MP | R26: W | S26: D | T26: L | U26: GF | V26: GA | W26: GD | X26: Pts | Y26: Pts/MP | Z26: xG | AA26: xGA | AB26: xGD | AC26: xGD/90
A27: 8 | B27: Arsenal | C27: 632 | D27: 19 | E27: 8 | F27: 4 | G27: 7 | H27: 24 | I27: 21 | J27: 3 | K27: 28 | L27: 1.47 | M27: 23 | N27: 23.2 | O27: -0.2 | P27: -0.01 | Q27: 19 | R27: 10 | S27: 3 | T27: 6 | U27: 31 | V27: 18 | W27: 13 | X27: 33 | Y27: 1.74 | Z27: 28.8 | AA27: 19.8 | AB27: 9 | AC27: 0.47
A28: 11 | B28: Aston Villa | C28: 526 | D28: 19 | E28: 7 | F28: 4 | G28: 8 | H28: 29 | I28: 27 | J28: 2 | K28: 25 | L28: 1.32 | M28: 27.9 | N28: 25.9 | O28: 2 | P28: 0.11 | Q28: 19 | R28: 9 | S28: 3 | T28: 7 | U28: 26 | V28: 19 | W28: 7 | X28: 30 | Y28: 1.58 | Z28: 24.6 | AA28: 25.2 | AB28: -0.6 | AC28: -0.03
A29: 16 | B29: Brighton | C29: 523 | D29: 19 | E29: 4 | F29: 9 | G29: 6 | H29: 22 | I29: 22 | J29: 0 | K29: 21 | L29: 1.11 | M29: 30.6 | N29: 14.2 | O29: 16.4 | P29: 0.86 | Q29: 19 | R29: 5 | S29: 5 | T29: 9 | U29: 18 | V29: 24 | W29: -6 | X29: 20 | Y29: 1.05 | Z29: 20.2 | AA29: 21.1 | AB29: -0.8 | AC29: -0.04
A30: 17 | B30: Burnley | C30: 178 | D30: 19 | E30: 4 | F30: 6 | G30: 9 | H30: 14 | I30: 27 | J30: -13 | K30: 18 | L30: 0.95 | M30: 20.5 | N30: 27.3 | O30: -6.8 | P30: -0.36 | Q30: 19 | R30: 6 | S30: 3 | T30: 10 | U30: 19 | V30: 28 | W30: -9 | X30: 21 | Y30: 1.11 | Z30: 18.8 | AA30: 27.3 | AB30: -8.6 | AC30: -0.45
A31: 4 | B31: Chelsea | C31: 526 | D31: 19 | E31: 9 | F31: 6 | G31: 4 | H31: 31 | I31: 18 | J31: 13 | K31: 33 | L31: 1.74 | M31: 34.1 | N31: 15.2 | O31: 18.9 | P31: 0.99 | Q31: 19 | R31: 10 | S31: 4 | T31: 5 | U31: 27 | V31: 18 | W31: 9 | X31: 34 | Y31: 1.79 | Z31: 28.3 | AA31: 15.1 | AB31: 13.2 | AC31: 0.7
A32: 14 | B32: Crystal Palace | C32: 447 | D32: 19 | E32: 6 | F32: 5 | G32: 8 | H32: 20 | I32: 32 | J32: -12 | K32: 23 | L32: 1.21 | M32: 15.8 | N32: 28.1 | O32: -12.3 | P32: -0.65 | Q32: 19 | R32: 6 | S32: 3 | T32: 10 | U32: 21 | V32: 34 | W32: -13 | X32: 21 | Y32: 1.11 | Z32: 18.3 | AA32: 30.1 | AB32: -11.8 | AC32: -0.62
A33: 10 | B33: Everton | C33: 368 | D33: 19 | E33: 6 | F33: 4 | G33: 9 | H33: 24 | I33: 28 | J33: -4 | K33: 22 | L33: 1.16 | M33: 23.3 | N33: 25.1 | O33: -1.8 | P33: -0.1 | Q33: 19 | R33: 11 | S33: 4 | T33: 4 | U33: 23 | V33: 20 | W33: 3 | X33: 37 | Y33: 1.95 | Z33: 22.4 | AA33: 25 | AB33: -2.6 | AC33: -0.14
A34: 18 | B34: Fulham | C34: 211 | D34: 19 | E34: 2 | F34: 4 | G34: 13 | H34: 9 | I34: 28 | J34: -19 | K34: 10 | L34: 0.53 | M34: 18.7 | N34: 25.9 | O34: -7.2 | P34: -0.38 | Q34: 19 | R34: 3 | S34: 9 | T34: 7 | U34: 18 | V34: 25 | W34: -7 | X34: 18 | Y34: 0.95 | Z34: 21.8 | AA34: 26.7 | AB34: -4.9 | AC34: -0.26
A35: 9 | B35: Leeds United | C35: 421 | D35: 19 | E35: 8 | F35: 5 | G35: 6 | H35: 28 | I35: 21 | J35: 7 | K35: 29 | L35: 1.53 | M35: 30.6 | N35: 22.9 | O35: 7.7 | P35: 0.41 | Q35: 19 | R35: 10 | S35: 0 | T35: 9 | U35: 34 | V35: 33 | W35: 1 | X35: 30 | Y35: 1.58 | Z35: 25 | AA35: 35 | AB35: -10 | AC35: -0.52
A36: 5 | B36: Leicester City | C36: 421 | D36: 19 | E36: 9 | F36: 1 | G36: 9 | H36: 34 | I36: 30 | J36: 4 | K36: 28 | L36: 1.47 | M36: 28.2 | N36: 25.6 | O36: 2.7 | P36: 0.14 | Q36: 19 | R36: 11 | S36: 5 | T36: 3 | U36: 34 | V36: 20 | W36: 14 | X36: 38 | Y36: 2 | Z36: 27.6 | AA36: 20.4 | AB36: 7.2 | AC36: 0.38
A37: 3 | B37: Liverpool | C37: 837 | D37: 19 | E37: 10 | F37: 3 | G37: 6 | H37: 29 | I37: 20 | J37: 9 | K37: 33 | L37: 1.74 | M37: 31.5 | N37: 21.1 | O37: 10.4 | P37: 0.55 | Q37: 19 | R37: 10 | S37: 6 | T37: 3 | U37: 39 | V37: 22 | W37: 17 | X37: 36 | Y37: 1.89 | Z37: 36 | AA37: 21.8 | AB37: 14.1 | AC37: 0.74
A38: 1 | B38: Manchester City | C38: 526 | D38: 19 | E38: 13 | F38: 2 | G38: 4 | H38: 43 | I38: 17 | J38: 26 | K38: 41 | L38: 2.16 | M38: 37.2 | N38: 14.9 | O38: 22.3 | P38: 1.18 | Q38: 19 | R38: 14 | S38: 3 | T38: 2 | U38: 40 | V38: 15 | W38: 25 | X38: 45 | Y38: 2.37 | Z38: 31 | AA38: 15.3 | AB38: 15.7 | AC38: 0.83
... A46: 13 | B46: Wolves | C46: 237 | D46: 19 | E46: 7 | F46: 4 | G46: 8 | H46: 21 | I46: 25 | J46: -4 | K46: 25 | L46: 1.32 | M46: 19.9 | N46: 20.6 | O46: -0.7 | P46: -0.04 | Q46: 19 | R46: 5 | S46: 5 | T46: 9 | U46: 15 | V46: 27 | W46: -12 | X46: 20 | Y46: 1.05 | Z46: 16.6 | AA46: 28.9 | AB46: -12.3 | AC46: -0.65
A48: Rk | B48: Squad | C48: Attendance | D48: Home | Q48: Away
B49: ▲ | D49: MP | E49: W | F49: D | G49: L | H49: GF | I49: GA | J49: GD | K49: Pts | L49: Pts/MP | M49: xG | N49: xGA | O49: xGD | P49: xGD/90 | Q49: MP | R49: W | S49: D | T49: L | U49: GF | V49: GA | W49: GD | X49: Pts | Y49: Pts/MP | Z49: xG | AA49: xGA | AB49: xGD | AC49: xGD/90
A50: 2 | B50: Arsenal | C50: 60236 | D50: 19 | E50: 15 | F50: 2 | G50: 2 | H50: 48 | I50: 16 | J50: 32 | K50: 47 | L50: 2.47 | M50: 43.5 | N50: 13.5 | O50: 30 | P50: 1.58 | Q50: 19 | R50: 13 | S50: 3 | T50: 3 | U50: 43 | V50: 13 | W50: 30 | X50: 42 | Y50: 2.21 | Z50: 32.6 | AA50: 14.5 | AB50: 18.2 | AC50: 0.96
A51: 4 | B51: Aston Villa | C51: 41858 | D51: 19 | E51: 12 | F51: 4 | G51: 3 | H51: 48 | I51: 28 | J51: 20 | K51: 40 | L51: 2.11 | M51: 39 | N51: 26.3 | O51: 12.7 | P51: 0.67 | Q51: 19 | R51: 8 | S51: 4 | T51: 7 | U51: 28 | V51: 33 | W51: -5 | X51: 28 | Y51: 1.47 | Z51: 24.3 | AA51: 33.6 | AB51: -9.3 | AC51: -0.49
A52: 12 | B52: Bournemouth | C52: 11103 | D52: 19 | E52: 7 | F52: 6 | G52: 6 | H52: 27 | I52: 28 | J52: -1 | K52: 27 | L52: 1.42 | M52: 27.4 | N52: 24.3 | O52: 3.1 | P52: 0.17 | Q52: 19 | R52: 6 | S52: 3 | T52: 10 | U52: 27 | V52: 39 | W52: -12 | X52: 21 | Y52: 1.11 | Z52: 28.5 | AA52: 33.8 | AB52: -5.3 | AC52: -0.28
A53: 16 | B53: Brentford | C53: 17082 | D53: 19 | E53: 5 | F53: 7 | G53: 7 | H53: 29 | I53: 34 | J53: -5 | K53: 22 | L53: 1.16 | M53: 30.8 | N53: 29.7 | O53: 1.1 | P53: 0.06 | Q53: 19 | R53: 5 | S53: 2 | T53: 12 | U53: 27 | V53: 31 | W53: -4 | X53: 17 | Y53: 0.89 | Z53: 27.4 | AA53: 26.3 | AB53: 1.2 | AC53: 0.06
A54: 11 | B54: Brighton | C54: 32638 | D54: 19 | E54: 8 | F54: 6 | G54: 5 | H54: 30 | I54: 27 | J54: 3 | K54: 30 | L54: 1.58 | M54: 32.1 | N54: 25.4 | O54: 6.8 | P54: 0.36 | Q54: 19 | R54: 4 | S54: 6 | T54: 9 | U54: 25 | V54: 35 | W54: -10 | X54: 18 | Y54: 0.95 | Z54: 24.7 | AA54: 30.1 | AB54: -5.4 | AC54: -0.28
A55: 19 | B55: Burnley | C55: 21184 | D55: 19 | E55: 2 | F55: 4 | G55: 13 | H55: 19 | I55: 43 | J55: -24 | K55: 10 | L55: 0.53 | M55: 22.6 | N55: 29.1 | O55: -6.5 | P55: -0.34 | Q55: 19 | R55: 3 | S55: 5 | T55: 11 | U55: 22 | V55: 35 | W55: -13 | X55: 14 | Y55: 0.74 | Z55: 18 | AA55: 41.3 | AB55: -23.2 | AC55: -1.22
A56: 6 | B56: Chelsea | C56: 39524 | D56: 19 | E56: 11 | F56: 4 | G56: 4 | H56: 44 | I56: 26 | J56: 18 | K56: 37 | L56: 1.95 | M56: 44.2 | N56: 24.9 | O56: 19.2 | P56: 1.01 | Q56: 19 | R56: 7 | S56: 5 | T56: 7 | U56: 33 | V56: 37 | W56: -4 | X56: 26 | Y56: 1.37 | Z56: 30.3 | AA56: 33.1 | AB56: -2.8 | AC56: -0.15
A57: 10 | B57: Crystal Palace | C57: 24932 | D57: 19 | E57: 8 | F57: 4 | G57: 7 | H57: 37 | I57: 26 | J57: 11 | K57: 28 | L57: 1.47 | M57: 27.3 | N57: 20.9 | O57: 6.5 | P57: 0.34 | Q57: 19 | R57: 5 | S57: 6 | T57: 8 | U57: 20 | V57: 32 | W57: -12 | X57: 21 | Y57: 1.11 | Z57: 21.2 | AA57: 31.1 | AB57: -9.9 | AC57: -0.52
A58: 15 | B58: Everton | C58: 39042 | D58: 19 | E58: 8 | F58: 4 | G58: 7 | H58: 22 | I58: 18 | J58: 4 | K58: 28 | L58: 1.47 | M58: 32.1 | N58: 22.5 | O58: 9.7 | P58: 0.51 | Q58: 19 | R58: 5 | S58: 5 | T58: 9 | U58: 18 | V58: 33 | W58: -15 | X58: 20 | Y58: 1.05 | Z58: 21.9 | AA58: 32.7 | AB58: -10.8 | AC58: -0.57
A59: 13 | B59: Fulham | C59: 24302 | D59: 19 | E59: 9 | F59: 2 | G59: 8 | H59: 31 | I59: 24 | J59: 7 | K59: 29 | L59: 1.53 | M59: 27.9 | N59: 27.8 | O59: 0.1 | P59: 0 | Q59: 19 | R59: 4 | S59: 6 | T59: 9 | U59: 24 | V59: 37 | W59: -13 | X59: 18 | Y59: 0.95 | Z59: 22.9 | AA59: 35.1 | AB59: -12.2 | AC59: -0.64
A60: 3 | B60: Liverpool | C60: 55979 | D60: 19 | E60: 15 | F60: 3 | G60: 1 | H60: 49 | I60: 17 | J60: 32 | K60: 48 | L60: 2.53 | M60: 54.7 | N60: 17.6 | O60: 37.1 | P60: 1.95 | Q60: 19 | R60: 9 | S60: 7 | T60: 3 | U60: 37 | V60: 24 | W60: 13 | X60: 34 | Y60: 1.79 | Z60: 33 | AA60: 28.1 | AB60: 4.9 | AC60: 0.26
A61: 18 | B61: Luton Town | C61: 11240 | D61: 19 | E61: 4 | F61: 4 | G61: 11 | H61: 28 | I61: 37 | J61: -9 | K61: 16 | L61: 0.84 | M61: 25.8 | N61: 31.1 | O61: -5.3 | P61: -0.28 | Q61: 19 | R61: 2 | S61: 4 | T61: 13 | U61: 24 | V61: 48 | W61: -24 | X61: 10 | Y61: 0.53 | Z61: 16.6 | AA61: 46.9 | AB61: -30.2 | AC61: -1.59
... A69: 14 | B69: Wolves | C69: 31029 | D69: 19 | E69: 8 | F69: 3 | G69: 8 | H69: 26 | I69: 30 | J69: -4 | K69: 27 | L69: 1.42 | M69: 23.2 | N69: 30.5 | O69: -7.2 | P69: -0.38 | Q69: 19 | R69: 5 | S69: 4 | T69: 10 | U69: 24 | V69: 35 | W69: -11 | X69: 19 | Y69: 1 | Z69: 23.5 | AA69: 37.2 | AB69: -13.7 | AC69: -0.72
A72: Rk | B72: Squad | C72: Attendance | D72: Home | Q72: Away
B73: ▲ | D73: MP | E73: W | F73: D | G73: L | H73: GF | I73: GA | J73: GD | K73: Pts | L73: Pts/MP | M73: xG | N73: xGA | O73: xGD | P73: xGD/90 | Q73: MP | R73: W | S73: D | T73: L | U73: GF | V73: GA | W73: GD | X73: Pts | Y73: Pts/MP | Z73: xG | AA73: xGA | AB73: xGD | AC73: xGD/90
A74: 11 | B74: Alavés | C74: 17295 | D74: 19 | E74: 7 | F74: 8 | G74: 4 | H74: 19 | I74: 19 | J74: 0 | K74: 29 | L74: 1.53 | M74: 22.9 | N74: 22.2 | O74: 0.7 | P74: 0.04 | Q74: 19 | R74: 6 | S74: 3 | T74: 10 | U74: 20 | V74: 31 | W74: -11 | X74: 21 | Y74: 1.11 | Z74: 18.2 | AA74: 31 | AB74: -12.8 | AC74: -0.67
A75: 8 | B75: Athletic Club | C75: 40664 | D75: 19 | E75: 9 | F75: 8 | G75: 2 | H75: 26 | I75: 19 | J75: 7 | K75: 35 | L75: 1.84 | M75: 25.5 | N75: 19.9 | O75: 5.6 | P75: 0.3 | Q75: 19 | R75: 4 | S75: 6 | T75: 9 | U75: 15 | V75: 26 | W75: -11 | X75: 18 | Y75: 0.95 | Z75: 17.9 | AA75: 25.8 | AB75: -7.9 | AC75: -0.41
A76: 2 | B76: Atlético Madrid | C76: 56216 | D76: 19 | E76: 15 | F76: 3 | G76: 1 | H76: 32 | I76: 10 | J76: 22 | K76: 48 | L76: 2.53 | M76: 26 | N76: 17.9 | O76: 8.2 | P76: 0.43 | Q76: 19 | R76: 7 | S76: 7 | T76: 5 | U76: 23 | V76: 19 | W76: 4 | X76: 28 | Y76: 1.47 | Z76: 21.3 | AA76: 24.1 | AB76: -2.8 | AC76: -0.15
A77: 1 | B77: Barcelona | C77: 76104 | D77: 19 | E77: 15 | F77: 3 | G77: 1 | H77: 51 | I77: 17 | J77: 34 | K77: 48 | L77: 2.53 | M77: 45.4 | N77: 23.2 | O77: 22.1 | P77: 1.17 | Q77: 19 | R77: 11 | S77: 6 | T77: 2 | U77: 39 | V77: 19 | W77: 20 | X77: 39 | Y77: 2.05 | Z77: 30.4 | AA77: 22.1 | AB77: 8.3 | AC77: 0.44
A78: 10 | B78: Betis | C78: 44525 | D78: 19 | E78: 8 | F78: 5 | G78: 6 | H78: 25 | I78: 26 | J78: -1 | K78: 29 | L78: 1.53 | M78: 27.5 | N78: 23.7 | O78: 3.8 | P78: 0.2 | Q78: 19 | R78: 6 | S78: 3 | T78: 10 | U78: 19 | V78: 26 | W78: -7 | X78: 21 | Y78: 1.11 | Z78: 19.5 | AA78: 25.7 | AB78: -6.2 | AC78: -0.32
A79: 17 | B79: Celta Vigo | C79: 17603 | D79: 19 | E79: 8 | F79: 5 | G79: 6 | H79: 31 | I79: 25 | J79: 6 | K79: 29 | L79: 1.53 | M79: 25.4 | N79: 25.4 | O79: 0 | P79: 0 | Q79: 19 | R79: 2 | S79: 6 | T79: 11 | U79: 22 | V79: 37 | W79: -15 | X79: 12 | Y79: 0.63 | Z79: 21.2 | AA79: 35.6 | AB79: -14.4 | AC79: -0.76
A80: 12 | B80: Eibar | C80: 4896 | D80: 19 | E80: 9 | F80: 6 | G80: 4 | H80: 31 | I80: 21 | J80: 10 | K80: 33 | L80: 1.74 | M80: 32.5 | N80: 23.3 | O80: 9.2 | P80: 0.48 | Q80: 19 | R80: 2 | S80: 8 | T80: 9 | U80: 15 | V80: 29 | W80: -14 | X80: 14 | Y80: 0.74 | Z80: 22.3 | AA80: 22.5 | AB80: -0.2 | AC80: -0.01
A81: 7 | B81: Espanyol | C81: 19388 | D81: 19 | E81: 11 | F81: 3 | G81: 5 | H81: 28 | I81: 22 | J81: 6 | K81: 36 | L81: 1.89 | M81: 27.6 | N81: 25.3 | O81: 2.3 | P81: 0.12 | Q81: 19 | R81: 3 | S81: 8 | T81: 8 | U81: 20 | V81: 28 | W81: -8 | X81: 17 | Y81: 0.89 | Z81: 21.4 | AA81: 28.5 | AB81: -7.1 | AC81: -0.38
A82: 5 | B82: Getafe | C82: 11000 | D82: 19 | E82: 11 | F82: 3 | G82: 5 | H82: 28 | I82: 13 | J82: 15 | K82: 36 | L82: 1.89 | M82: 28 | N82: 18.8 | O82: 9.1 | P82: 0.48 | Q82: 19 | R82: 4 | S82: 11 | T82: 4 | U82: 20 | V82: 22 | W82: -2 | X82: 23 | Y82: 1.21 | Z82: 18.2 | AA82: 24.7 | AB82: -6.5 | AC82: -0.34
A83: 18 | B83: Girona | C83: 10948 | D83: 19 | E83: 3 | F83: 6 | G83: 10 | H83: 17 | I83: 28 | J83: -11 | K83: 15 | L83: 0.79 | M83: 23.5 | N83: 22.9 | O83: 0.7 | P83: 0.03 | Q83: 19 | R83: 6 | S83: 4 | T83: 9 | U83: 20 | V83: 25 | W83: -5 | X83: 22 | Y83: 1.16 | Z83: 20 | AA83: 29.8 | AB83: -9.9 | AC83: -0.52
A84: 19 | B84: Huesca | C84: 6605 | D84: 19 | E84: 5 | F84: 6 | G84: 8 | H84: 24 | I84: 30 | J84: -6 | K84: 21 | L84: 1.11 | M84: 30.6 | N84: 25.7 | O84: 5 | P84: 0.26 | Q84: 19 | R84: 2 | S84: 6 | T84: 11 | U84: 19 | V84: 35 | W84: -16 | X84: 12 | Y84: 0.63 | Z84: 20.2 | AA84: 34.5 | AB84: -14.3 | AC84: -0.75
A85: 13 | B85: Leganés | C85: 10416 | D85: 19 | E85: 7 | F85: 8 | G85: 4 | H85: 19 | I85: 16 | J85: 3 | K85: 29 | L85: 1.53 | M85: 22.9 | N85: 16 | O85: 6.9 | P85: 0.36 | Q85: 19 | R85: 4 | S85: 4 | T85: 11 | U85: 18 | V85: 27 | W85: -9 | X85: 16 | Y85: 0.84 | Z85: 17.7 | AA85: 25.2 | AB85: -7.5 | AC85: -0.39
... A93: 14 | B93: Villarreal | C93: 16732 | D93: 19 | E93: 5 | F93: 8 | G93: 6 | H93: 28 | I93: 26 | J93: 2 | K93: 23 | L93: 1.21 | M93: 30.3 | N93: 22.1 | O93: 8.2 | P93: 0.43 | Q93: 19 | R93: 5 | S93: 6 | T93: 8 | U93: 21 | V93: 26 | W93: -5 | X93: 21 | Y93: 1.11 | Z93: 23.7 | AA93: 32.9 | AB93: -9.3 | AC93: -0.49
A95: Rk | B95: Squad | C95: Attendance | D95: Home | Q95: Away
B96: ▲ | D96: MP | E96: W | F96: D | G96: L | H96: GF | I96: GA | J96: GD | K96: Pts | L96: Pts/MP | M96: xG | N96: xGA | O96: xGD | P96: xGD/90 | Q96: MP | R96: W | S96: D | T96: L | U96: GF | V96: GA | W96: GD | X96: Pts | Y96: Pts/MP | Z96: xG | AA96: xGA | AB96: xGD | AC96: xGD/90
A97: 16 | B97: Alavés | D97: 19 | E97: 6 | F97: 6 | G97: 7 | H97: 21 | I97: 25 | J97: -4 | K97: 24 | L97: 1.26 | M97: 23.7 | N97: 23 | O97: 0.7 | P97: 0.04 | Q97: 19 | R97: 3 | S97: 5 | T97: 11 | U97: 15 | V97: 32 | W97: -17 | X97: 14 | Y97: 0.74 | Z97: 18.9 | AA97: 26.9 | AB97: -8 | AC97: -0.42
A98: 10 | B98: Athletic Club | D98: 19 | E98: 8 | F98: 6 | G98: 5 | H98: 29 | I98: 19 | J98: 10 | K98: 30 | L98: 1.58 | M98: 26.2 | N98: 16.2 | O98: 10.1 | P98: 0.53 | Q98: 19 | R98: 3 | S98: 7 | T98: 9 | U98: 17 | V98: 23 | W98: -6 | X98: 16 | Y98: 0.84 | Z98: 16.6 | AA98: 21.3 | AB98: -4.8 | AC98: -0.25
A99: 1 | B99: Atlético Madrid | D99: 19 | E99: 15 | F99: 3 | G99: 1 | H99: 41 | I99: 11 | J99: 30 | K99: 48 | L99: 2.53 | M99: 29.6 | N99: 17.8 | O99: 11.8 | P99: 0.62 | Q99: 19 | R99: 11 | S99: 5 | T99: 3 | U99: 26 | V99: 14 | W99: 12 | X99: 38 | Y99: 2 | Z99: 23.2 | AA99: 19.3 | AB99: 3.9 | AC99: 0.21
A100: 3 | B100: Barcelona | D100: 19 | E100: 11 | F100: 5 | G100: 3 | H100: 44 | I100: 20 | J100: 24 | K100: 38 | L100: 2 | M100: 40 | N100: 21.2 | O100: 18.8 | P100: 0.99 | Q100: 19 | R100: 13 | S100: 2 | T100: 4 | U100: 41 | V100: 18 | W100: 23 | X100: 41 | Y100: 2.16 | Z100: 33.5 | AA100: 19.6 | AB100: 13.9 | AC100: 0.73
A101: 6 | B101: Betis | D101: 19 | E101: 10 | F101: 5 | G101: 4 | H101: 27 | I101: 21 | J101: 6 | K101: 35 | L101: 1.84 | M101: 25.6 | N101: 22.2 | O101: 3.4 | P101: 0.18 | Q101: 19 | R101: 7 | S101: 5 | T101: 7 | U101: 23 | V101: 29 | W101: -6 | X101: 26 | Y101: 1.37 | Z101: 23.5 | AA101: 24.6 | AB101: -1.1 | AC101: -0.06
A102: 12 | B102: Cádiz | D102: 19 | E102: 5 | F102: 5 | G102: 9 | H102: 17 | I102: 30 | J102: -13 | K102: 20 | L102: 1.05 | M102: 17.7 | N102: 25.8 | O102: -8.1 | P102: -0.43 | Q102: 19 | R102: 6 | S102: 6 | T102: 7 | U102: 19 | V102: 28 | W102: -9 | X102: 24 | Y102: 1.26 | Z102: 17 | AA102: 29.5 | AB102: -12.5 | AC102: -0.66
A103: 8 | B103: Celta Vigo | C103: 91 | D103: 19 | E103: 9 | F103: 3 | G103: 7 | H103: 30 | I103: 30 | J103: 0 | K103: 30 | L103: 1.58 | M103: 29.7 | N103: 25 | O103: 4.6 | P103: 0.24 | Q103: 19 | R103: 5 | S103: 8 | T103: 6 | U103: 25 | V103: 27 | W103: -2 | X103: 23 | Y103: 1.21 | Z103: 20.7 | AA103: 26 | AB103: -5.3 | AC103: -0.28
A104: 20 | B104: Eibar | D104: 19 | E104: 2 | F104: 7 | G104: 10 | H104: 12 | I104: 21 | J104: -9 | K104: 13 | L104: 0.68 | M104: 22.2 | N104: 16.9 | O104: 5.3 | P104: 0.28 | Q104: 19 | R104: 4 | S104: 5 | T104: 10 | U104: 17 | V104: 31 | W104: -14 | X104: 17 | Y104: 0.89 | Z104: 23 | AA104: 28.8 | AB104: -5.7 | AC104: -0.3
A105: 17 | B105: Elche | C105: 185 | D105: 19 | E105: 5 | F105: 8 | G105: 6 | H105: 18 | I105: 23 | J105: -5 | K105: 23 | L105: 1.21 | M105: 16 | N105: 30 | O105: -14 | P105: -0.74 | Q105: 19 | R105: 3 | S105: 4 | T105: 12 | U105: 16 | V105: 32 | W105: -16 | X105: 13 | Y105: 0.68 | Z105: 13.9 | AA105: 30.9 | AB105: -17 | AC105: -0.89
A106: 15 | B106: Getafe | D106: 19 | E106: 6 | F106: 6 | G106: 7 | H106: 15 | I106: 13 | J106: 2 | K106: 24 | L106: 1.26 | M106: 16.9 | N106: 15.9 | O106: 1.1 | P106: 0.06 | Q106: 19 | R106: 3 | S106: 5 | T106: 11 | U106: 13 | V106: 30 | W106: -17 | X106: 14 | Y106: 0.74 | Z106: 17.5 | AA106: 24.5 | AB106: -7 | AC106: -0.37
A107: 9 | B107: Granada | D107: 19 | E107: 9 | F107: 4 | G107: 6 | H107: 25 | I107: 25 | J107: 0 | K107: 31 | L107: 1.63 | M107: 20.6 | N107: 20.2 | O107: 0.4 | P107: 0.02 | Q107: 19 | R107: 4 | S107: 3 | T107: 12 | U107: 22 | V107: 40 | W107: -18 | X107: 15 | Y107: 0.79 | Z107: 20.5 | AA107: 36 | AB107: -15.4 | AC107: -0.81
A108: 18 | B108: Huesca | D108: 19 | E108: 5 | F108: 7 | G108: 7 | H108: 17 | I108: 21 | J108: -4 | K108: 22 | L108: 1.16 | M108: 20 | N108: 21.9 | O108: -1.8 | P108: -0.1 | Q108: 19 | R108: 2 | S108: 6 | T108: 11 | U108: 17 | V108: 32 | W108: -15 | X108: 12 | Y108: 0.63 | Z108: 18.7 | AA108: 26.2 | AB108: -7.6 | AC108: -0.4
A109: 14 | B109: Levante | D109: 19 | E109: 5 | F109: 9 | G109: 5 | H109: 27 | I109: 30 | J109: -3 | K109: 24 | L109: 1.26 | M109: 22.5 | N109: 24.4 | O109: -1.9 | P109: -0.1 | Q109: 19 | R109: 4 | S109: 5 | T109: 10 | U109: 19 | V109: 27 | W109: -8 | X109: 17 | Y109: 0.89 | Z109: 18 | AA109: 29.1 | AB109: -11.1 | AC109: -0.59
A110: 11 | B110: Osasuna | D110: 19 | E110: 7 | F110: 5 | G110: 7 | H110: 21 | I110: 23 | J110: -2 | K110: 26 | L110: 1.37 | M110: 19.2 | N110: 23.6 | O110: -4.5 | P110: -0.23 | Q110: 19 | R110: 4 | S110: 6 | T110: 9 | U110: 16 | V110: 25 | W110: -9 | X110: 18 | Y110: 0.95 | Z110: 19.6 | AA110: 24.1 | AB110: -4.6 | AC110: -0.24
A111: 2 | B111: Real Madrid | D111: 19 | E111: 13 | F111: 3 | G111: 3 | H111: 33 | I111: 13 | J111: 20 | K111: 42 | L111: 2.21 | M111: 28.6 | N111: 16.1 | O111: 12.5 | P111: 0.66 | Q111: 19 | R111: 12 | S111: 6 | T111: 1 | U111: 34 | V111: 15 | W111: 19 | X111: 42 | Y111: 2.21 | Z111: 32.9 | AA111: 21.5 | AB111: 11.4 | AC111: 0.6
A112: 5 | B112: Real Sociedad | D112: 19 | E112: 9 | F112: 6 | G112: 4 | H112: 34 | I112: 21 | J112: 13 | K112: 33 | L112: 1.74 | M112: 35.7 | N112: 19 | O112: 16.6 | P112: 0.88 | Q112: 19 | R112: 8 | S112: 5 | T112: 6 | U112: 25 | V112: 17 | W112: 8 | X112: 29 | Y112: 1.53 | Z112: 25.1 | AA112: 20.1 | AB112: 4.9 | AC112: 0.26
A113: 4 | B113: Sevilla | D113: 19 | E113: 14 | F113: 1 | G113: 4 | H113: 27 | I113: 11 | J113: 16 | K113: 43 | L113: 2.26 | M113: 27.5 | N113: 16.2 | O113: 11.3 | P113: 0.6 | Q113: 19 | R113: 10 | S113: 4 | T113: 5 | U113: 26 | V113: 22 | W113: 4 | X113: 34 | Y113: 1.79 | Z113: 26.9 | AA113: 18.6 | AB113: 8.3 | AC113: 0.44
A114: 13 | B114: Valencia | C114: 142 | D114: 19 | E114: 8 | F114: 7 | G114: 4 | H114: 34 | I114: 23 | J114: 11 | K114: 31 | L114: 1.63 | M114: 25.1 | N114: 28 | O114: -2.8 | P114: -0.15 | Q114: 19 | R114: 2 | S114: 6 | T114: 11 | U114: 16 | V114: 30 | W114: -14 | X114: 12 | Y114: 0.63 | Z114: 17.4 | AA114: 24.2 | AB114: -6.8 | AC114: -0.36
A115: 19 | B115: Valladolid | D115: 19 | E115: 3 | F115: 7 | G115: 9 | H115: 19 | I115: 30 | J115: -11 | K115: 16 | L115: 0.84 | M115: 24.3 | N115: 25.9 | O115: -1.6 | P115: -0.09 | Q115: 19 | R115: 2 | S115: 9 | T115: 8 | U115: 15 | V115: 27 | W115: -12 | X115: 15 | Y115: 0.79 | Z115: 15.8 | AA115: 27 | AB115: -11.2 | AC115: -0.59
A116: 7 | B116: Villarreal | C116: 253 | D116: 19 | E116: 8 | F116: 6 | G116: 5 | H116: 29 | I116: 23 | J116: 6 | K116: 30 | L116: 1.58 | M116: 30.8 | N116: 18.9 | O116: 11.8 | P116: 0.62 | Q116: 19 | R116: 7 | S116: 7 | T116: 5 | U116: 31 | V116: 21 | W116: 10 | X116: 28 | Y116: 1.47 | Z116: 25.6 | AA116: 23.6 | AB116: 2.1 | AC116: 0.11
A118: Rk | B118: Squad | C118: Attendance | D118: Home | Q118: Away
B119: ▲ | D119: MP | E119: W | F119: D | G119: L | H119: GF | I119: GA | J119: GD | K119: Pts | L119: Pts/MP | M119: xG | N119: xGA | O119: xGD | P119: xGD/90 | Q119: MP | R119: W | S119: D | T119: L | U119: GF | V119: GA | W119: GD | X119: Pts | Y119: Pts/MP | Z119: xG | AA119: xGA | AB119: xGD | AC119: xGD/90
A120: 10 | B120: Alavés | C120: 17391 | D120: 19 | E120: 9 | F120: 4 | G120: 6 | H120: 23 | I120: 19 | J120: 4 | K120: 31 | L120: 1.63 | M120: 24.6 | N120: 17.5 | O120: 7 | P120: 0.37 | Q120: 19 | R120: 3 | S120: 6 | T120: 10 | U120: 13 | V120: 27 | W120: -14 | X120: 15 | Y120: 0.79 | Z120: 21.6 | AA120: 27.1 | AB120: -5.5 | AC120: -0.29
A121: 19 | B121: Almería | C121: 12893 | D121: 19 | E121: 1 | F121: 8 | G121: 10 | H121: 22 | I121: 36 | J121: -14 | K121: 11 | L121: 0.58 | M121: 30 | N121: 28.1 | O121: 1.9 | P121: 0.1 | Q121: 19 | R121: 2 | S121: 4 | T121: 13 | U121: 21 | V121: 39 | W121: -18 | X121: 10 | Y121: 0.53 | Z121: 18.7 | AA121: 33.5 | AB121: -14.8 | AC121: -0.78
A122: 5 | B122: Athletic Club | C122: 46112 | D122: 19 | E122: 12 | F122: 6 | G122: 1 | H122: 42 | I122: 18 | J122: 24 | K122: 42 | L122: 2.21 | M122: 34.7 | N122: 18.1 | O122: 16.7 | P122: 0.88 | Q122: 19 | R122: 7 | S122: 5 | T122: 7 | U122: 19 | V122: 19 | W122: 0 | X122: 26 | Y122: 1.37 | Z122: 18 | AA122: 23.2 | AB122: -5.2 | AC122: -0.28
A123: 4 | B123: Atlético Madrid | C123: 59121 | D123: 19 | E123: 16 | F123: 1 | G123: 2 | H123: 42 | I123: 22 | J123: 20 | K123: 49 | L123: 2.58 | M123: 37.5 | N123: 19.5 | O123: 18 | P123: 0.95 | Q123: 19 | R123: 8 | S123: 3 | T123: 8 | U123: 28 | V123: 21 | W123: 7 | X123: 27 | Y123: 1.42 | Z123: 24.9 | AA123: 20 | AB123: 5 | AC123: 0.26
A124: 2 | B124: Barcelona | C124: 39846 | D124: 19 | E124: 15 | F124: 1 | G124: 3 | H124: 43 | I124: 21 | J124: 22 | K124: 46 | L124: 2.42 | M124: 42.6 | N124: 22.5 | O124: 20.1 | P124: 1.06 | Q124: 19 | R124: 11 | S124: 6 | T124: 2 | U124: 36 | V124: 23 | W124: 13 | X124: 39 | Y124: 2.05 | Z124: 34.9 | AA124: 19.2 | AB124: 15.8 | AC124: 0.83
A125: 7 | B125: Betis | C125: 51259 | D125: 19 | E125: 9 | F125: 7 | G125: 3 | H125: 27 | I125: 19 | J125: 8 | K125: 34 | L125: 1.79 | M125: 26.1 | N125: 18.8 | O125: 7.3 | P125: 0.38 | Q125: 19 | R125: 5 | S125: 8 | T125: 6 | U125: 21 | V125: 26 | W125: -5 | X125: 23 | Y125: 1.21 | Z125: 17.9 | AA125: 31.5 | AB125: -13.6 | AC125: -0.72
A126: 18 | B126: Cádiz | C126: 18016 | D126: 19 | E126: 5 | F126: 9 | G126: 5 | H126: 16 | I126: 19 | J126: -3 | K126: 24 | L126: 1.26 | M126: 20.5 | N126: 15.2 | O126: 5.2 | P126: 0.28 | Q126: 19 | R126: 1 | S126: 6 | T126: 12 | U126: 10 | V126: 36 | W126: -26 | X126: 9 | Y126: 0.47 | Z126: 15.5 | AA126: 37 | AB126: -21.6 | AC126: -1.13
A127: 13 | B127: Celta Vigo | C127: 20039 | D127: 19 | E127: 6 | F127: 6 | G127: 7 | H127: 21 | I127: 23 | J127: -2 | K127: 24 | L127: 1.26 | M127: 30.7 | N127: 19 | O127: 11.7 | P127: 0.62 | Q127: 19 | R127: 4 | S127: 5 | T127: 10 | U127: 25 | V127: 34 | W127: -9 | X127: 17 | Y127: 0.89 | Z127: 20 | AA127: 35.6 | AB127: -15.6 | AC127: -0.82
A128: 12 | B128: Getafe | C128: 11456 | D128: 19 | E128: 8 | F128: 5 | G128: 6 | H128: 20 | I128: 22 | J128: -2 | K128: 29 | L128: 1.53 | M128: 25.1 | N128: 22.7 | O128: 2.4 | P128: 0.13 | Q128: 19 | R128: 2 | S128: 8 | T128: 9 | U128: 22 | V128: 32 | W128: -10 | X128: 14 | Y128: 0.74 | Z128: 20.6 | AA128: 31.1 | AB128: -10.6 | AC128: -0.56
A129: 3 | B129: Girona | C129: 12520 | D129: 19 | E129: 15 | F129: 2 | G129: 2 | H129: 53 | I129: 20 | J129: 33 | K129: 47 | L129: 2.47 | M129: 36.5 | N129: 20.9 | O129: 15.6 | P129: 0.82 | Q129: 19 | R129: 10 | S129: 4 | T129: 5 | U129: 32 | V129: 26 | W129: 6 | X129: 34 | Y129: 1.79 | Z129: 34.3 | AA129: 33.4 | AB129: 0.9 | AC129: 0.05
A130: 20 | B130: Granada | C130: 16350 | D130: 19 | E130: 4 | F130: 6 | G130: 9 | H130: 24 | I130: 32 | J130: -8 | K130: 18 | L130: 0.95 | M130: 27.1 | N130: 27.9 | O130: -0.8 | P130: -0.04 | Q130: 19 | R130: 0 | S130: 3 | T130: 16 | U130: 14 | V130: 47 | W130: -33 | X130: 3 | Y130: 0.16 | Z130: 15.5 | AA130: 36.3 | AB130: -20.8 | AC130: -1.1
A131: 16 | B131: Las Palmas | C131: 25041 | D131: 19 | E131: 6 | F131: 6 | G131: 7 | H131: 20 | I131: 20 | J131: 0 | K131: 24 | L131: 1.26 | M131: 19.3 | N131: 26.7 | O131: -7.4 | P131: -0.39 | Q131: 19 | R131: 4 | S131: 4 | T131: 11 | U131: 13 | V131: 27 | W131: -14 | X131: 16 | Y131: 0.84 | Z131: 13.8 | AA131: 29.9 | AB131: -16.1 | AC131: -0.85
... A139: 8 | B139: Villarreal | C139: 17957 | D139: 19 | E139: 7 | F139: 5 | G139: 7 | H139: 36 | I139: 32 | J139: 4 | K139: 26 | L139: 1.37 | M139: 32.5 | N139: 25.1 | O139: 7.4 | P139: 0.39 | Q139: 19 | R139: 7 | S139: 6 | T139: 6 | U139: 29 | V139: 33 | W139: -4 | X139: 27 | Y139: 1.42 | Z139: 23.1 | AA139: 33.6 | AB139: -10.5 | AC139: -0.55

Sheet Clean Data LL
B2: LA LIGA
B4: *teams that played in all 3 seasons (12/20)
B6: Squad | C6: 2018-19 | K6: 2020-21 | S6: 2023-24
C7: Attendance | D7: MP | E7: W | F7: WP | G7: Pts/MP | H7: Home GD | I7: Away GD | J7: PG | K7: Attendance | L7: MP | M7: W | N7: WP | O7: Pts/MP | P7: Home GD | Q7: Away GD | R7: PG | S7: Attendance | T7: MP | U7: W | V7: WP | W7: Pts/MP | X7: Home GD | Y7: Away GD | Z7: PG
B8: Alavés | C8: 17295 | D8: 19 | E8: 7 | F8: ='Clean Data LL'!E8/'Clean Data LL'!D8 -> 0.36842105 | G8: 1.53 | H8: 0 | I8: -11 | J8: =H8-I8 -> 11 | L8: 19 | M8: 6 | N8: ='Clean Data LL'!M8/'Clean Data LL'!L8 -> 0.31578947 | O8: 1.26 | P8: -4 | Q8: -17 | R8: =P8-Q8 -> 13 | S8: 17391 | T8: 19 | U8: 9 | V8: ='Clean Data LL'!U8/'Clean Data LL'!T8 -> 0.47368421 | W8: 1.63 | X8: 4 | Y8: -14 | Z8: =X8-Y8 -> 18
B9: Athletic Club | C9: 40664 | D9: 19 | E9: 9 | F9: ='Clean Data LL'!E9/'Clean Data LL'!D9 -> 0.47368421 | G9: 1.84 | H9: 7 | I9: -11 | J9: =H9-I9 -> 18 | L9: 19 | M9: 8 | N9: ='Clean Data LL'!M9/'Clean Data LL'!L9 -> 0.42105263 | O9: 1.58 | P9: 10 | Q9: -6 | R9: =P9-Q9 -> 16 | S9: 46112 | T9: 19 | U9: 12 | V9: ='Clean Data LL'!U9/'Clean Data LL'!T9 -> 0.63157895 | W9: 2.21 | X9: 24 | Y9: 0 | Z9: =X9-Y9 -> 24
B10: Atlético Madrid | C10: 56216 | D10: 19 | E10: 15 | F10: ='Clean Data LL'!E10/'Clean Data LL'!D10 -> 0.78947368 | G10: 2.53 | H10: 22 | I10: 4 | J10: =H10-I10 -> 18 | L10: 19 | M10: 15 | N10: ='Clean Data LL'!M10/'Clean Data LL'!L10 -> 0.78947368 | O10: 2.53 | P10: 30 | Q10: 12 | R10: =P10-Q10 -> 18 | S10: 59121 | T10: 19 | U10: 16 | V10: ='Clean Data LL'!U10/'Clean Data LL'!T10 -> 0.84210526 | W10: 2.58 | X10: 20 | Y10: 7 | Z10: =X10-Y10 -> 13
B11: Barcelona | C11: 76104 | D11: 19 | E11: 15 | F11: ='Clean Data LL'!E11/'Clean Data LL'!D11 -> 0.78947368 | G11: 2.53 | H11: 34 | I11: 20 | J11: =H11-I11 -> 14 | L11: 19 | M11: 11 | N11: ='Clean Data LL'!M11/'Clean Data LL'!L11 -> 0.57894737 | O11: 2 | P11: 24 | Q11: 23 | R11: =P11-Q11 -> 1 | S11: 39846 | T11: 19 | U11: 15 | V11: ='Clean Data LL'!U11/'Clean Data LL'!T11 -> 0.78947368 | W11: 2.42 | X11: 22 | Y11: 13 | Z11: =X11-Y11 -> 9
B12: Betis | C12: 44525 | D12: 19 | E12: 8 | F12: ='Clean Data LL'!E12/'Clean Data LL'!D12 -> 0.42105263 | G12: 1.53 | H12: -1 | I12: -7 | J12: =H12-I12 -> 6 | L12: 19 | M12: 10 | N12: ='Clean Data LL'!M12/'Clean Data LL'!L12 -> 0.52631579 | O12: 1.84 | P12: 6 | Q12: -6 | R12: =P12-Q12 -> 12 | S12: 51259 | T12: 19 | U12: 9 | V12: ='Clean Data LL'!U12/'Clean Data LL'!T12 -> 0.47368421 | W12: 1.79 | X12: 8 | Y12: -5 | Z12: =X12-Y12 -> 13
B13: Celta Vigo | C13: 17603 | D13: 19 | E13: 8 | F13: ='Clean Data LL'!E13/'Clean Data LL'!D13 -> 0.42105263 | G13: 1.53 | H13: 6 | I13: -15 | J13: =H13-I13 -> 21 | K13: 91 | L13: 19 | M13: 9 | N13: ='Clean Data LL'!M13/'Clean Data LL'!L13 -> 0.47368421 | O13: 1.58 | P13: 0 | Q13: -2 | R13: =P13-Q13 -> 2 | S13: 20039 | T13: 19 | U13: 6 | V13: ='Clean Data LL'!U13/'Clean Data LL'!T13 -> 0.31578947 | W13: 1.26 | X13: -2 | Y13: -9 | Z13: =X13-Y13 -> 7
B14: Getafe | C14: 11000 | D14: 19 | E14: 11 | F14: ='Clean Data LL'!E14/'Clean Data LL'!D14 -> 0.57894737 | G14: 1.89 | H14: 15 | I14: -2 | J14: =H14-I14 -> 17 | L14: 19 | M14: 6 | N14: ='Clean Data LL'!M14/'Clean Data LL'!L14 -> 0.31578947 | O14: 1.26 | P14: 2 | Q14: -17 | R14: =P14-Q14 -> 19 | S14: 11456 | T14: 19 | U14: 8 | V14: ='Clean Data LL'!U14/'Clean Data LL'!T14 -> 0.42105263 | W14: 1.53 | X14: -2 | Y14: -10 | Z14: =X14-Y14 -> 8
B15: Real Madrid | C15: 61040 | D15: 19 | E15: 13 | F15: ='Clean Data LL'!E15/'Clean Data LL'!D15 -> 0.68421053 | G15: 2.11 | H15: 17 | I15: 0 | J15: =H15-I15 -> 17 | L15: 19 | M15: 13 | N15: ='Clean Data LL'!M15/'Clean Data LL'!L15 -> 0.68421053 | O15: 2.21 | P15: 20 | Q15: 19 | R15: =P15-Q15 -> 1 | S15: 72061 | T15: 19 | U15: 16 | V15: ='Clean Data LL'!U15/'Clean Data LL'!T15 -> 0.84210526 | W15: 2.68 | X15: 39 | Y15: 22 | Z15: =X15-Y15 -> 17
B16: Real Sociedad | C16: 22310 | D16: 19 | E16: 7 | F16: ='Clean Data LL'!E16/'Clean Data LL'!D16 -> 0.36842105 | G16: 1.42 | H16: 3 | I16: -4 | J16: =H16-I16 -> 7 | L16: 19 | M16: 9 | N16: ='Clean Data LL'!M16/'Clean Data LL'!L16 -> 0.47368421 | O16: 1.74 | P16: 13 | Q16: 8 | R16: =P16-Q16 -> 5 | S16: 31710 | T16: 19 | U16: 8 | V16: ='Clean Data LL'!U16/'Clean Data LL'!T16 -> 0.42105263 | W16: 1.58 | X16: 6 | Y16: 6 | Z16: =X16-Y16 -> 0
B17: Sevilla | C17: 35993 | D17: 19 | E17: 12 | F17: ='Clean Data LL'!E17/'Clean Data LL'!D17 -> 0.63157895 | G17: 2.05 | H17: 19 | I17: -4 | J17: =H17-I17 -> 23 | L17: 19 | M17: 14 | N17: ='Clean Data LL'!M17/'Clean Data LL'!L17 -> 0.73684211 | O17: 2.26 | P17: 16 | Q17: 4 | R17: =P17-Q17 -> 12 | S17: 34984 | T17: 19 | U17: 6 | V17: ='Clean Data LL'!U17/'Clean Data LL'!T17 -> 0.31578947 | W17: 1.21 | X17: 0 | Y17: -6 | Z17: =X17-Y17 -> 6
B18: Valencia | C18: 39504 | D18: 19 | E18: 7 | F18: ='Clean Data LL'!E18/'Clean Data LL'!D18 -> 0.36842105 | G18: 1.63 | H18: 12 | I18: 4 | J18: =H18-I18 -> 8 | K18: 142 | L18: 19 | M18: 8 | N18: ='Clean Data LL'!M18/'Clean Data LL'!L18 -> 0.42105263 | O18: 1.63 | P18: 11 | Q18: -14 | R18: =P18-Q18 -> 25 | S18: 43420 | T18: 19 | U18: 8 | V18: ='Clean Data LL'!U18/'Clean Data LL'!T18 -> 0.42105263 | W18: 1.58 | X18: 6 | Y18: -11 | Z18: =X18-Y18 -> 17
B19: Villarreal | C19: 16732 | D19: 19 | E19: 5 | F19: ='Clean Data LL'!E19/'Clean Data LL'!D19 -> 0.26315789 | G19: 1.21 | H19: 2 | I19: -5 | J19: =H19-I19 -> 7 | K19: 253 | L19: 19 | M19: 8 | N19: ='Clean Data LL'!M19/'Clean Data LL'!L19 -> 0.42105263 | O19: 1.58 | P19: 6 | Q19: 10 | R19: =P19-Q19 -> -4 | S19: 17957 | T19: 19 | U19: 7 | V19: ='Clean Data LL'!U19/'Clean Data LL'!T19 -> 0.36842105 | W19: 1.37 | X19: 4 | Y19: -4 | Z19: =X19-Y19 -> 8
B24: *all 20 teams per season
B26: 2018-19 | C26: Squad | D26: Attendance | E26: MP | F26: W | G26: WP | H26: Pts/MP | I26: Home GD | J26: Away GD | K26: PG
C27: Alavés | D27: 17295 | E27: 19 | F27: 7 | G27: ='Clean Data LL'!F27/'Clean Data LL'!E27 -> 0.36842105 | H27: 1.53 | I27: 0 | J27: -11 | K27: =I27-J27 -> 11
C28: Athletic Club | D28: 40664 | E28: 19 | F28: 9 | G28: ='Clean Data LL'!F28/'Clean Data LL'!E28 -> 0.47368421 | H28: 1.84 | I28: 7 | J28: -11 | K28: =I28-J28 -> 18
C29: Atlético Madrid | D29: 56216 | E29: 19 | F29: 15 | G29: ='Clean Data LL'!F29/'Clean Data LL'!E29 -> 0.78947368 | H29: 2.53 | I29: 22 | J29: 4 | K29: =I29-J29 -> 18
C30: Barcelona | D30: 76104 | E30: 19 | F30: 15 | G30: ='Clean Data LL'!F30/'Clean Data LL'!E30 -> 0.78947368 | H30: 2.53 | I30: 34 | J30: 20 | K30: =I30-J30 -> 14
C31: Betis | D31: 44525 | E31: 19 | F31: 8 | G31: ='Clean Data LL'!F31/'Clean Data LL'!E31 -> 0.42105263 | H31: 1.53 | I31: -1 | J31: -7 | K31: =I31-J31 -> 6
C32: Celta Vigo | D32: 17603 | E32: 19 | F32: 8 | G32: ='Clean Data LL'!F32/'Clean Data LL'!E32 -> 0.42105263 | H32: 1.53 | I32: 6 | J32: -15 | K32: =I32-J32 -> 21
C33: Eibar | D33: 4896 | E33: 19 | F33: 9 | G33: ='Clean Data LL'!F33/'Clean Data LL'!E33 -> 0.47368421 | H33: 1.74 | I33: 10 | J33: -14 | K33: =I33-J33 -> 24
C34: Espanyol | D34: 19388 | E34: 19 | F34: 11 | G34: ='Clean Data LL'!F34/'Clean Data LL'!E34 -> 0.57894737 | H34: 1.89 | I34: 6 | J34: -8 | K34: =I34-J34 -> 14
C35: Getafe | D35: 11000 | E35: 19 | F35: 11 | G35: ='Clean Data LL'!F35/'Clean Data LL'!E35 -> 0.57894737 | H35: 1.89 | I35: 15 | J35: -2 | K35: =I35-J35 -> 17
C36: Girona | D36: 10948 | E36: 19 | F36: 3 | G36: ='Clean Data LL'!F36/'Clean Data LL'!E36 -> 0.15789474 | H36: 0.79 | I36: -11 | J36: -5 | K36: =I36-J36 -> -6
C37: Huesca | D37: 6605 | E37: 19 | F37: 5 | G37: ='Clean Data LL'!F37/'Clean Data LL'!E37 -> 0.26315789 | H37: 1.11 | I37: -6 | J37: -16 | K37: =I37-J37 -> 10
C38: Leganés | D38: 10416 | E38: 19 | F38: 7 | G38: ='Clean Data LL'!F38/'Clean Data LL'!E38 -> 0.36842105 | H38: 1.53 | I38: 3 | J38: -9 | K38: =I38-J38 -> 12
... C46: Villarreal | D46: 16732 | E46: 19 | F46: 5 | G46: ='Clean Data LL'!F46/'Clean Data LL'!E46 -> 0.26315789 | H46: 1.21 | I46: 2 | J46: -5 | K46: =I46-J46 -> 7
B48: 2020-21 | C48: Squad | D48: Attendance | E48: MP | F48: W | G48: WP | H48: Pts/MP | I48: Home GD | J48: Away GD | K48: PG
C49: Alavés | E49: 19 | F49: 6 | G49: ='Clean Data LL'!F49/'Clean Data LL'!E49 -> 0.31578947 | H49: 1.26 | I49: -4 | J49: -17 | K49: =I49-J49 -> 13
C50: Athletic Club | E50: 19 | F50: 8 | G50: ='Clean Data LL'!F50/'Clean Data LL'!E50 -> 0.42105263 | H50: 1.58 | I50: 10 | J50: -6 | K50: =I50-J50 -> 16
C51: Atlético Madrid | E51: 19 | F51: 15 | G51: ='Clean Data LL'!F51/'Clean Data LL'!E51 -> 0.78947368 | H51: 2.53 | I51: 30 | J51: 12 | K51: =I51-J51 -> 18
C52: Barcelona | E52: 19 | F52: 11 | G52: ='Clean Data LL'!F52/'Clean Data LL'!E52 -> 0.57894737 | H52: 2 | I52: 24 | J52: 23 | K52: =I52-J52 -> 1
C53: Betis | E53: 19 | F53: 10 | G53: ='Clean Data LL'!F53/'Clean Data LL'!E53 -> 0.52631579 | H53: 1.84 | I53: 6 | J53: -6 | K53: =I53-J53 -> 12
C54: Cádiz | E54: 19 | F54: 5 | G54: ='Clean Data LL'!F54/'Clean Data LL'!E54 -> 0.26315789 | H54: 1.05 | I54: -13 | J54: -9 | K54: =I54-J54 -> -4
C55: Celta Vigo | D55: 91 | E55: 19 | F55: 9 | G55: ='Clean Data LL'!F55/'Clean Data LL'!E55 -> 0.47368421 | H55: 1.58 | I55: 0 | J55: -2 | K55: =I55-J55 -> 2
C56: Eibar | E56: 19 | F56: 2 | G56: ='Clean Data LL'!F56/'Clean Data LL'!E56 -> 0.10526316 | H56: 0.68 | I56: -9 | J56: -14 | K56: =I56-J56 -> 5
C57: Elche | D57: 185 | E57: 19 | F57: 5 | G57: ='Clean Data LL'!F57/'Clean Data LL'!E57 -> 0.26315789 | H57: 1.21 | I57: -5 | J57: -16 | K57: =I57-J57 -> 11
C58: Getafe | E58: 19 | F58: 6 | G58: ='Clean Data LL'!F58/'Clean Data LL'!E58 -> 0.31578947 | H58: 1.26 | I58: 2 | J58: -17 | K58: =I58-J58 -> 19
C59: Granada | E59: 19 | F59: 9 | G59: ='Clean Data LL'!F59/'Clean Data LL'!E59 -> 0.47368421 | H59: 1.63 | I59: 0 | J59: -18 | K59: =I59-J59 -> 18
C60: Huesca | E60: 19 | F60: 5 | G60: ='Clean Data LL'!F60/'Clean Data LL'!E60 -> 0.26315789 | H60: 1.16 | I60: -4 | J60: -15 | K60: =I60-J60 -> 11
C61: Levante | E61: 19 | F61: 5 | G61: ='Clean Data LL'!F61/'Clean Data LL'!E61 -> 0.26315789 | H61: 1.26 | I61: -3 | J61: -8 | K61: =I61-J61 -> 5
C62: Osasuna | E62: 19 | F62: 7 | G62: ='Clean Data LL'!F62/'Clean Data LL'!E62 -> 0.36842105 | H62: 1.37 | I62: -2 | J62: -9 | K62: =I62-J62 -> 7
C63: Real Madrid | E63: 19 | F63: 13 | G63: ='Clean Data LL'!F63/'Clean Data LL'!E63 -> 0.68421053 | H63: 2.21 | I63: 20 | J63: 19 | K63: =I63-J63 -> 1
C64: Real Sociedad | E64: 19 | F64: 9 | G64: ='Clean Data LL'!F64/'Clean Data LL'!E64 -> 0.47368421 | H64: 1.74 | I64: 13 | J64: 8 | K64: =I64-J64 -> 5
C65: Sevilla | E65: 19 | F65: 14 | G65: ='Clean Data LL'!F65/'Clean Data LL'!E65 -> 0.73684211 | H65: 2.26 | I65: 16 | J65: 4 | K65: =I65-J65 -> 12
C66: Valencia | D66: 142 | E66: 19 | F66: 8 | G66: ='Clean Data LL'!F66/'Clean Data LL'!E66 -> 0.42105263 | H66: 1.63 | I66: 11 | J66: -14 | K66: =I66-J66 -> 25
C67: Valladolid | E67: 19 | F67: 3 | G67: ='Clean Data LL'!F67/'Clean Data LL'!E67 -> 0.15789474 | H67: 0.84 | I67: -11 | J67: -12 | K67: =I67-J67 -> 1
C68: Villarreal | D68: 253 | E68: 19 | F68: 8 | G68: ='Clean Data LL'!F68/'Clean Data LL'!E68 -> 0.42105263 | H68: 1.58 | I68: 6 | J68: 10 | K68: =I68-J68 -> -4
B70: 2023-24 | C70: Squad | D70: Attendance | E70: MP | F70: W | G70: WP | H70: Pts/MP | I70: Home GD | J70: Away GD | K70: PG
C71: Alavés | D71: 17391 | E71: 19 | F71: 9 | G71: ='Clean Data LL'!F71/'Clean Data LL'!E71 -> 0.47368421 | H71: 1.63 | I71: 4 | J71: -14 | K71: =I71-J71 -> 18
C72: Almería | D72: 12893 | E72: 19 | F72: 1 | G72: ='Clean Data LL'!F72/'Clean Data LL'!E72 -> 0.052631579 | H72: 0.58 | I72: -14 | J72: -18 | K72: =I72-J72 -> 4
C73: Athletic Club | D73: 46112 | E73: 19 | F73: 12 | G73: ='Clean Data LL'!F73/'Clean Data LL'!E73 -> 0.63157895 | H73: 2.21 | I73: 24 | J73: 0 | K73: =I73-J73 -> 24
C74: Atlético Madrid | D74: 59121 | E74: 19 | F74: 16 | G74: ='Clean Data LL'!F74/'Clean Data LL'!E74 -> 0.84210526 | H74: 2.58 | I74: 20 | J74: 7 | K74: =I74-J74 -> 13
C75: Barcelona | D75: 39846 | E75: 19 | F75: 15 | G75: ='Clean Data LL'!F75/'Clean Data LL'!E75 -> 0.78947368 | H75: 2.42 | I75: 22 | J75: 13 | K75: =I75-J75 -> 9
C76: Betis | D76: 51259 | E76: 19 | F76: 9 | G76: ='Clean Data LL'!F76/'Clean Data LL'!E76 -> 0.47368421 | H76: 1.79 | I76: 8 | J76: -5 | K76: =I76-J76 -> 13
C77: Cádiz | D77: 18016 | E77: 19 | F77: 5 | G77: ='Clean Data LL'!F77/'Clean Data LL'!E77 -> 0.26315789 | H77: 1.26 | I77: -3 | J77: -26 | K77: =I77-J77 -> 23
C78: Celta Vigo | D78: 20039 | E78: 19 | F78: 6 | G78: ='Clean Data LL'!F78/'Clean Data LL'!E78 -> 0.31578947 | H78: 1.26 | I78: -2 | J78: -9 | K78: =I78-J78 -> 7
C79: Getafe | D79: 11456 | E79: 19 | F79: 8 | G79: ='Clean Data LL'!F79/'Clean Data LL'!E79 -> 0.42105263 | H79: 1.53 | I79: -2 | J79: -10 | K79: =I79-J79 -> 8
C80: Girona | D80: 12520 | E80: 19 | F80: 15 | G80: ='Clean Data LL'!F80/'Clean Data LL'!E80 -> 0.78947368 | H80: 2.47 | I80: 33 | J80: 6 | K80: =I80-J80 -> 27
C81: Granada | D81: 16350 | E81: 19 | F81: 4 | G81: ='Clean Data LL'!F81/'Clean Data LL'!E81 -> 0.21052632 | H81: 0.95 | I81: -8 | J81: -33 | K81: =I81-J81 -> 25
C82: Las Palmas | D82: 25041 | E82: 19 | F82: 6 | G82: ='Clean Data LL'!F82/'Clean Data LL'!E82 -> 0.31578947 | H82: 1.26 | I82: 0 | J82: -14 | K82: =I82-J82 -> 14
... C90: Villarreal | D90: 17957 | E90: 19 | F90: 7 | G90: ='Clean Data LL'!F90/'Clean Data LL'!E90 -> 0.36842105 | H90: 1.37 | I90: 4 | J90: -4 | K90: =I90-J90 -> 8

Sheet Clean Data PL
B2: PREMIER LEAGUE
B4: *teams that played in all 3 seasons (14/20)
B6: Squad | C6: 2018-19 | K6: 2020-21 | S6: 2023-24
C7: Attendance | D7: MP | E7: W | F7: WP | G7: Pts/MP | H7: Home GD | I7: Away GD | J7: PG | K7: Attendance | L7: MP | M7: W | N7: WP | O7: Pts/MP | P7: Home GD | Q7: Away GD | R7: PG | S7: Attendance | T7: MP | U7: W | V7: WP | W7: Pts/MP | X7: Home GD | Y7: Away GD | Z7: PG
B8: Arsenal | C8: 59899 | D8: 19 | E8: 14 | F8: ='Clean Data PL'!E8/'Clean Data PL'!D8 -> 0.73684211 | G8: 2.37 | H8: 26 | I8: -4 | J8: =H8-I8 -> 30 | K8: 632 | L8: 19 | M8: 8 | N8: ='Clean Data PL'!M8/'Clean Data PL'!L8 -> 0.42105263 | O8: 1.47 | P8: 3 | Q8: 13 | R8: =P8-Q8 -> -10 | S8: 60236 | T8: 19 | U8: 15 | V8: ='Clean Data PL'!U8/'Clean Data PL'!T8 -> 0.78947368 | W8: 2.47 | X8: 32 | Y8: 30 | Z8: =X8-Y8 -> 2
B9: Brighton | C9: 30426 | D9: 19 | E9: 6 | F9: ='Clean Data PL'!E9/'Clean Data PL'!D9 -> 0.31578947 | G9: 1.21 | H9: -9 | I9: -16 | J9: =H9-I9 -> 7 | K9: 523 | L9: 19 | M9: 4 | N9: ='Clean Data PL'!M9/'Clean Data PL'!L9 -> 0.21052632 | O9: 1.11 | P9: 0 | Q9: -6 | R9: =P9-Q9 -> 6 | S9: 32638 | T9: 19 | U9: 8 | V9: ='Clean Data PL'!U9/'Clean Data PL'!T9 -> 0.42105263 | W9: 1.58 | X9: 3 | Y9: -10 | Z9: =X9-Y9 -> 13
B10: Burnley | C10: 20534 | D10: 19 | E10: 7 | F10: ='Clean Data PL'!E10/'Clean Data PL'!D10 -> 0.36842105 | G10: 1.21 | H10: -8 | I10: -15 | J10: =H10-I10 -> 7 | K10: 178 | L10: 19 | M10: 4 | N10: ='Clean Data PL'!M10/'Clean Data PL'!L10 -> 0.21052632 | O10: 0.95 | P10: -13 | Q10: -9 | R10: =P10-Q10 -> -4 | S10: 21184 | T10: 19 | U10: 2 | V10: ='Clean Data PL'!U10/'Clean Data PL'!T10 -> 0.10526316 | W10: 0.53 | X10: -24 | Y10: -13 | Z10: =X10-Y10 -> -11
B11: Chelsea | C11: 40437 | D11: 19 | E11: 12 | F11: ='Clean Data PL'!E11/'Clean Data PL'!D11 -> 0.63157895 | G11: 2.21 | H11: 27 | I11: -3 | J11: =H11-I11 -> 30 | K11: 526 | L11: 19 | M11: 9 | N11: ='Clean Data PL'!M11/'Clean Data PL'!L11 -> 0.47368421 | O11: 1.74 | P11: 13 | Q11: 9 | R11: =P11-Q11 -> 4 | S11: 39524 | T11: 19 | U11: 11 | V11: ='Clean Data PL'!U11/'Clean Data PL'!T11 -> 0.57894737 | W11: 1.95 | X11: 18 | Y11: -4 | Z11: =X11-Y11 -> 22
B12: Crystal Palace | C12: 25455 | D12: 19 | E12: 5 | F12: ='Clean Data PL'!E12/'Clean Data PL'!D12 -> 0.26315789 | G12: 1.05 | H12: -4 | I12: 2 | J12: =H12-I12 -> -6 | K12: 447 | L12: 19 | M12: 6 | N12: ='Clean Data PL'!M12/'Clean Data PL'!L12 -> 0.31578947 | O12: 1.21 | P12: -12 | Q12: -13 | R12: =P12-Q12 -> 1 | S12: 24932 | T12: 19 | U12: 8 | V12: ='Clean Data PL'!U12/'Clean Data PL'!T12 -> 0.42105263 | W12: 1.47 | X12: 11 | Y12: -12 | Z12: =X12-Y12 -> 23
B13: Everton | C13: 39043 | D13: 19 | E13: 10 | F13: ='Clean Data PL'!E13/'Clean Data PL'!D13 -> 0.52631579 | G13: 1.79 | H13: 9 | I13: -1 | J13: =H13-I13 -> 10 | K13: 368 | L13: 19 | M13: 6 | N13: ='Clean Data PL'!M13/'Clean Data PL'!L13 -> 0.31578947 | O13: 1.16 | P13: -4 | Q13: 3 | R13: =P13-Q13 -> -7 | S13: 39042 | T13: 19 | U13: 8 | V13: ='Clean Data PL'!U13/'Clean Data PL'!T13 -> 0.42105263 | W13: 1.47 | X13: 4 | Y13: -15 | Z13: =X13-Y13 -> 19
B14: Fulham | C14: 24371 | D14: 19 | E14: 6 | F14: ='Clean Data PL'!E14/'Clean Data PL'!D14 -> 0.31578947 | G14: 1.11 | H14: -14 | I14: -33 | J14: =H14-I14 -> 19 | K14: 211 | L14: 19 | M14: 2 | N14: ='Clean Data PL'!M14/'Clean Data PL'!L14 -> 0.10526316 | O14: 0.53 | P14: -19 | Q14: -7 | R14: =P14-Q14 -> -12 | S14: 24302 | T14: 19 | U14: 9 | V14: ='Clean Data PL'!U14/'Clean Data PL'!T14 -> 0.47368421 | W14: 1.53 | X14: 7 | Y14: -13 | Z14: =X14-Y14 -> 20
B15: Liverpool | C15: 52983 | D15: 19 | E15: 17 | F15: ='Clean Data PL'!E15/'Clean Data PL'!D15 -> 0.89473684 | G15: 2.79 | H15: 45 | I15: 22 | J15: =H15-I15 -> 23 | K15: 837 | L15: 19 | M15: 10 | N15: ='Clean Data PL'!M15/'Clean Data PL'!L15 -> 0.52631579 | O15: 1.74 | P15: 9 | Q15: 17 | R15: =P15-Q15 -> -8 | S15: 55979 | T15: 19 | U15: 15 | V15: ='Clean Data PL'!U15/'Clean Data PL'!T15 -> 0.78947368 | W15: 2.53 | X15: 32 | Y15: 13 | Z15: =X15-Y15 -> 19
B16: Manchester City | C16: 54130 | D16: 19 | E16: 18 | F16: ='Clean Data PL'!E16/'Clean Data PL'!D16 -> 0.94736842 | G16: 2.84 | H16: 45 | I16: 27 | J16: =H16-I16 -> 18 | K16: 526 | L16: 19 | M16: 13 | N16: ='Clean Data PL'!M16/'Clean Data PL'!L16 -> 0.68421053 | O16: 2.16 | P16: 26 | Q16: 25 | R16: =P16-Q16 -> 1 | S16: 53012 | T16: 19 | U16: 14 | V16: ='Clean Data PL'!U16/'Clean Data PL'!T16 -> 0.73684211 | W16: 2.47 | X16: 35 | Y16: 27 | Z16: =X16-Y16 -> 8
B17: Manchester Utd | C17: 74498 | D17: 19 | E17: 10 | F17: ='Clean Data PL'!E17/'Clean Data PL'!D17 -> 0.52631579 | G17: 1.89 | H17: 8 | I17: 3 | J17: =H17-I17 -> 5 | K17: 526 | L17: 19 | M17: 9 | N17: ='Clean Data PL'!M17/'Clean Data PL'!L17 -> 0.47368421 | O17: 1.63 | P17: 10 | Q17: 19 | R17: =P17-Q17 -> -9 | S17: 73533 | T17: 19 | U17: 10 | V17: ='Clean Data PL'!U17/'Clean Data PL'!T17 -> 0.52631579 | W17: 1.74 | X17: 3 | Y17: -4 | Z17: =X17-Y17 -> 7
B18: Newcastle Utd | C18: 51121 | D18: 19 | E18: 8 | F18: ='Clean Data PL'!E18/'Clean Data PL'!D18 -> 0.42105263 | G18: 1.32 | H18: -1 | I18: -5 | J18: =H18-I18 -> 4 | K18: 526 | L18: 19 | M18: 6 | N18: ='Clean Data PL'!M18/'Clean Data PL'!L18 -> 0.31578947 | O18: 1.21 | P18: -7 | Q18: -9 | R18: =P18-Q18 -> 2 | S18: 52125 | T18: 19 | U18: 12 | V18: ='Clean Data PL'!U18/'Clean Data PL'!T18 -> 0.63157895 | W18: 2.11 | X18: 27 | Y18: -4 | Z18: =X18-Y18 -> 31
B19: Tottenham | C19: 54216 | D19: 19 | E19: 12 | F19: ='Clean Data PL'!E19/'Clean Data PL'!D19 -> 0.63157895 | G19: 2 | H19: 18 | I19: 10 | J19: =H19-I19 -> 8 | K19: 632 | L19: 19 | M19: 10 | N19: ='Clean Data PL'!M19/'Clean Data PL'!L19 -> 0.52631579 | O19: 1.74 | P19: 15 | Q19: 8 | R19: =P19-Q19 -> 7 | S19: 61482 | T19: 19 | U19: 13 | V19: ='Clean Data PL'!U19/'Clean Data PL'!T19 -> 0.68421053 | W19: 2.05 | X19: 11 | Y19: 2 | Z19: =X19-Y19 -> 9
... B21: Wolves | C21: 31030 | D21: 19 | E21: 10 | F21: ='Clean Data PL'!E21/'Clean Data PL'!D21 -> 0.52631579 | G21: 1.79 | H21: 7 | I21: -6 | J21: =H21-I21 -> 13 | K21: 237 | L21: 19 | M21: 7 | N21: ='Clean Data PL'!M21/'Clean Data PL'!L21 -> 0.36842105 | O21: 1.32 | P21: -4 | Q21: -12 | R21: =P21-Q21 -> 8 | S21: 31029 | T21: 19 | U21: 8 | V21: ='Clean Data PL'!U21/'Clean Data PL'!T21 -> 0.42105263 | W21: 1.42 | X21: -4 | Y21: -11 | Z21: =X21-Y21 -> 7
B26: *all 20 teams per season
B28: 2018-19 | C28: Squad | D28: Attendance | E28: MP | F28: W | G28: WP | H28: Pts/MP | I28: Home GD | J28: Away GD | K28: PG
C29: Arsenal | D29: 59899 | E29: 19 | F29: 14 | G29: ='Clean Data PL'!F29/'Clean Data PL'!E29 -> 0.73684211 | H29: 2.37 | I29: 26 | J29: -4 | K29: =I29-J29 -> 30
C30: Bournemouth | D30: 10532 | E30: 19 | F30: 8 | G30: ='Clean Data PL'!F30/'Clean Data PL'!E30 -> 0.42105263 | H30: 1.53 | I30: 5 | J30: -19 | K30: =I30-J30 -> 24
C31: Brighton | D31: 30426 | E31: 19 | F31: 6 | G31: ='Clean Data PL'!F31/'Clean Data PL'!E31 -> 0.31578947 | H31: 1.21 | I31: -9 | J31: -16 | K31: =I31-J31 -> 7
C32: Burnley | D32: 20534 | E32: 19 | F32: 7 | G32: ='Clean Data PL'!F32/'Clean Data PL'!E32 -> 0.36842105 | H32: 1.21 | I32: -8 | J32: -15 | K32: =I32-J32 -> 7
C33: Cardiff City | D33: 31408 | E33: 19 | F33: 6 | G33: ='Clean Data PL'!F33/'Clean Data PL'!E33 -> 0.31578947 | H33: 1.05 | I33: -17 | J33: -18 | K33: =I33-J33 -> 1
C34: Chelsea | D34: 40437 | E34: 19 | F34: 12 | G34: ='Clean Data PL'!F34/'Clean Data PL'!E34 -> 0.63157895 | H34: 2.21 | I34: 27 | J34: -3 | K34: =I34-J34 -> 30
C35: Crystal Palace | D35: 25455 | E35: 19 | F35: 5 | G35: ='Clean Data PL'!F35/'Clean Data PL'!E35 -> 0.26315789 | H35: 1.05 | I35: -4 | J35: 2 | K35: =I35-J35 -> -6
C36: Everton | D36: 39043 | E36: 19 | F36: 10 | G36: ='Clean Data PL'!F36/'Clean Data PL'!E36 -> 0.52631579 | H36: 1.79 | I36: 9 | J36: -1 | K36: =I36-J36 -> 10
C37: Fulham | D37: 24371 | E37: 19 | F37: 6 | G37: ='Clean Data PL'!F37/'Clean Data PL'!E37 -> 0.31578947 | H37: 1.11 | I37: -14 | J37: -33 | K37: =I37-J37 -> 19
C38: Huddersfield | D38: 23203 | E38: 19 | F38: 2 | G38: ='Clean Data PL'!F38/'Clean Data PL'!E38 -> 0.10526316 | H38: 0.47 | I38: -21 | J38: -33 | K38: =I38-J38 -> 12
C39: Leicester City | D39: 31851 | E39: 19 | F39: 8 | G39: ='Clean Data PL'!F39/'Clean Data PL'!E39 -> 0.42105263 | H39: 1.42 | I39: 4 | J39: -1 | K39: =I39-J39 -> 5
C40: Liverpool | D40: 52983 | E40: 19 | F40: 17 | G40: ='Clean Data PL'!F40/'Clean Data PL'!E40 -> 0.89473684 | H40: 2.79 | I40: 45 | J40: 22 | K40: =I40-J40 -> 23
... C48: Wolves | D48: 31030 | E48: 19 | F48: 10 | G48: ='Clean Data PL'!F48/'Clean Data PL'!E48 -> 0.52631579 | H48: 1.79 | I48: 7 | J48: -6 | K48: =I48-J48 -> 13
B50: 2020-21 | C50: Squad | D50: Attendance | E50: MP | F50: W | G50: WP | H50: Pts/MP | I50: Home GD | J50: Away GD | K50: PG
C51: Arsenal | D51: 632 | E51: 19 | F51: 8 | G51: ='Clean Data PL'!F51/'Clean Data PL'!E51 -> 0.42105263 | H51: 1.47 | I51: 3 | J51: 13 | K51: =I51-J51 -> -10
C52: Aston Villa | D52: 526 | E52: 19 | F52: 7 | G52: ='Clean Data PL'!F52/'Clean Data PL'!E52 -> 0.36842105 | H52: 1.32 | I52: 2 | J52: 7 | K52: =I52-J52 -> -5
C53: Brighton | D53: 523 | E53: 19 | F53: 4 | G53: ='Clean Data PL'!F53/'Clean Data PL'!E53 -> 0.21052632 | H53: 1.11 | I53: 0 | J53: -6 | K53: =I53-J53 -> 6
C54: Burnley | D54: 178 | E54: 19 | F54: 4 | G54: ='Clean Data PL'!F54/'Clean Data PL'!E54 -> 0.21052632 | H54: 0.95 | I54: -13 | J54: -9 | K54: =I54-J54 -> -4
C55: Chelsea | D55: 526 | E55: 19 | F55: 9 | G55: ='Clean Data PL'!F55/'Clean Data PL'!E55 -> 0.47368421 | H55: 1.74 | I55: 13 | J55: 9 | K55: =I55-J55 -> 4
C56: Crystal Palace | D56: 447 | E56: 19 | F56: 6 | G56: ='Clean Data PL'!F56/'Clean Data PL'!E56 -> 0.31578947 | H56: 1.21 | I56: -12 | J56: -13 | K56: =I56-J56 -> 1
C57: Everton | D57: 368 | E57: 19 | F57: 6 | G57: ='Clean Data PL'!F57/'Clean Data PL'!E57 -> 0.31578947 | H57: 1.16 | I57: -4 | J57: 3 | K57: =I57-J57 -> -7
C58: Fulham | D58: 211 | E58: 19 | F58: 2 | G58: ='Clean Data PL'!F58/'Clean Data PL'!E58 -> 0.10526316 | H58: 0.53 | I58: -19 | J58: -7 | K58: =I58-J58 -> -12
C59: Leeds United | D59: 421 | E59: 19 | F59: 8 | G59: ='Clean Data PL'!F59/'Clean Data PL'!E59 -> 0.42105263 | H59: 1.53 | I59: 7 | J59: 1 | K59: =I59-J59 -> 6
C60: Leicester City | D60: 421 | E60: 19 | F60: 9 | G60: ='Clean Data PL'!F60/'Clean Data PL'!E60 -> 0.47368421 | H60: 1.47 | I60: 4 | J60: 14 | K60: =I60-J60 -> -10
C61: Liverpool | D61: 837 | E61: 19 | F61: 10 | G61: ='Clean Data PL'!F61/'Clean Data PL'!E61 -> 0.52631579 | H61: 1.74 | I61: 9 | J61: 17 | K61: =I61-J61 -> -8
C62: Manchester City | D62: 526 | E62: 19 | F62: 13 | G62: ='Clean Data PL'!F62/'Clean Data PL'!E62 -> 0.68421053 | H62: 2.16 | I62: 26 | J62: 25 | K62: =I62-J62 -> 1
... C70: Wolves | D70: 237 | E70: 19 | F70: 7 | G70: ='Clean Data PL'!F70/'Clean Data PL'!E70 -> 0.36842105 | H70: 1.32 | I70: -4 | J70: -12 | K70: =I70-J70 -> 8
B72: 2023-24 | C72: Squad | D72: Attendance | E72: MP | F72: W | G72: WP | H72: Pts/MP | I72: Home GD | J72: Away GD | K72: PG
C73: Arsenal | D73: 60236 | E73: 19 | F73: 15 | G73: ='Clean Data PL'!F73/'Clean Data PL'!E73 -> 0.78947368 | H73: 2.47 | I73: 32 | J73: 30 | K73: =I73-J73 -> 2
C74: Aston Villa | D74: 41858 | E74: 19 | F74: 12 | G74: ='Clean Data PL'!F74/'Clean Data PL'!E74 -> 0.63157895 | H74: 2.11 | I74: 20 | J74: -5 | K74: =I74-J74 -> 25
C75: Bournemouth | D75: 11103 | E75: 19 | F75: 7 | G75: ='Clean Data PL'!F75/'Clean Data PL'!E75 -> 0.36842105 | H75: 1.42 | I75: -1 | J75: -12 | K75: =I75-J75 -> 11
C76: Brentford | D76: 17082 | E76: 19 | F76: 5 | G76: ='Clean Data PL'!F76/'Clean Data PL'!E76 -> 0.26315789 | H76: 1.16 | I76: -5 | J76: -4 | K76: =I76-J76 -> -1
C77: Brighton | D77: 32638 | E77: 19 | F77: 8 | G77: ='Clean Data PL'!F77/'Clean Data PL'!E77 -> 0.42105263 | H77: 1.58 | I77: 3 | J77: -10 | K77: =I77-J77 -> 13
C78: Burnley | D78: 21184 | E78: 19 | F78: 2 | G78: ='Clean Data PL'!F78/'Clean Data PL'!E78 -> 0.10526316 | H78: 0.53 | I78: -24 | J78: -13 | K78: =I78-J78 -> -11
C79: Chelsea | D79: 39524 | E79: 19 | F79: 11 | G79: ='Clean Data PL'!F79/'Clean Data PL'!E79 -> 0.57894737 | H79: 1.95 | I79: 18 | J79: -4 | K79: =I79-J79 -> 22
C80: Crystal Palace | D80: 24932 | E80: 19 | F80: 8 | G80: ='Clean Data PL'!F80/'Clean Data PL'!E80 -> 0.42105263 | H80: 1.47 | I80: 11 | J80: -12 | K80: =I80-J80 -> 23
C81: Everton | D81: 39042 | E81: 19 | F81: 8 | G81: ='Clean Data PL'!F81/'Clean Data PL'!E81 -> 0.42105263 | H81: 1.47 | I81: 4 | J81: -15 | K81: =I81-J81 -> 19
C82: Fulham | D82: 24302 | E82: 19 | F82: 9 | G82: ='Clean Data PL'!F82/'Clean Data PL'!E82 -> 0.47368421 | H82: 1.53 | I82: 7 | J82: -13 | K82: =I82-J82 -> 20
C83: Liverpool | D83: 55979 | E83: 19 | F83: 15 | G83: ='Clean Data PL'!F83/'Clean Data PL'!E83 -> 0.78947368 | H83: 2.53 | I83: 32 | J83: 13 | K83: =I83-J83 -> 19
C84: Luton Town | D84: 11240 | E84: 19 | F84: 4 | G84: ='Clean Data PL'!F84/'Clean Data PL'!E84 -> 0.21052632 | H84: 0.84 | I84: -9 | J84: -24 | K84: =I84-J84 -> 15
... C92: Wolves | D92: 31029 | E92: 19 | F92: 8 | G92: ='Clean Data PL'!F92/'Clean Data PL'!E92 -> 0.42105263 | H92: 1.42 | I92: -4 | J92: -11 | K92: =I92-J92 -> 7

Sheet Data Dictionary
B2: DATA DICTIONARY
B4: Features | C4: Description | D4: Range
B5: Squad | C5: team name | D5: All Premier League or La Liga team names
B6: Attendance | C6: Attendance/Game: home attendance per game during that season | D6: (91, 76104)
B7: MP | C7: Matches Played: total home games played by the team that season | D7: 19
B8: W | C8: Wins: total home wins by the team that season | D8: (2, 18)
B9: WP | C9: Win Percentage: how often the team won at home that season (home wins ÷ total home games) | D9: (5.26%, 94.74%)
B10: Pts/MP | C10: Points/Match: home points earned per home games played that season (3 for win, 1 for draw, 0 for loss) | D10: (.47, 2.84)
B11: Home GD | C11: Home Goal Difference: goals a team scores at home vs. concedes (home goals for - home goals against) | D11: (-38, 45)
B12: Away GD | C12: Away Goal Difference: goals a team scores away vs. concedes (away goals for - away goals against) | D12: (-33, 30)
B13: PG | C13: Performance Gap: how much better teams play at home vs away (home goal differential - away goal differential) | D13: (-11, 31)
